<?xml version="1.0" encoding="utf-8"?>
<extension version="3.10" type="plugin"	group="ajax" method="upgrade">
	<name>PLG_AJAX_EXTRAVOTE</name>
	<author>Conseilgouz</author>
	<creationDate>May 2022</creationDate>
	<copyright>Copyright (C) 2022 ConseilGouz. All rights reserved.</copyright>
	<license>GNU General Public License version 2 or later; see LICENSE.txt</license>
	<authorEmail>pascal.leconte@conseilgouz.com</authorEmail>
	<authorUrl>https://www.conseilgouz.com</authorUrl>
	<version>4.0.4</version>
	<description>PLG_AJAX_EXTRAVOTE_XML_DESCRIPTION</description>
	<scriptfile>extravote.scriptfile.php</scriptfile> 
	<files>
		<filename plugin="extravote">extravote.php</filename>
		<filename>index.html</filename>
		<folder>language</folder>
	</files>
</extension>
