<?xml version="1.0" encoding="utf-8"?>
<extension version="5.0" type="plugin"	group="ajax" method="upgrade">
	<name>PLG_AJAX_EXTRAVOTE</name>
	<author>Conseilgouz</author>
	<creationDate>2024-03-08</creationDate>
	<copyright>Copyright (C) 2024 ConseilGouz. All rights reserved.</copyright>
	<license>GNU General Public License version 3 or later; see LICENSE.txt</license>
	<authorEmail>pascal.leconte@conseilgouz.com</authorEmail>
	<authorUrl>https://www.conseilgouz.com</authorUrl>
	<version>4.3.1</version>
	<description>PLG_AJAX_EXTRAVOTE_XML_DESCRIPTION</description>
	<scriptfile>extravote.scriptfile.php</scriptfile> 
	<namespace path="src">ConseilGouz\Plugin\Ajax\Extravote</namespace>
	<files>
		<folder plugin="extravote">services</folder>
		<folder>src</folder>
		<filename>index.html</filename>
	</files>
	<languages>
		<language tag="fr-FR">language/fr-FR/plg_ajax_extravote.ini</language>
		<language tag="fr-FR">language/fr-FR/plg_ajax_extravote.sys.ini</language>
		<language tag="en-GB">language/en-GB/plg_ajax_extravote.ini</language>
		<language tag="en-GB">language/en-GB/plg_ajax_extravote.sys.ini</language>
	</languages>
	<config>
		<fields name="params">
			<fieldset name="basic" addfieldprefix="ConseilGouz\Plugin\Ajax\Extravote\Field">
				<field name="version" type="version"  margintop="-3em"  extension="extravote" />
			</fieldset>			
		</fields>
	</config>
</extension>
